W (4036) main: 2,1016, us,,1016,972,1054,2046,1599,1742,5253,4141,4437,1020,969,1013,1844,1471,1181,5374,3521,3683
W (4036) main: 0,1072, us,,1072,1019,1111,2086,1640,1787,6449,2920,4458,1020,988,1037,1898,1502,710,4791,3554,2958
W (4036) main: 1,169, us,,169,132,130,1126,712,761,11021,7844,3134,155,117,120,1149,715,1184,10767,2830,3716
W (5036) main: 2,207, us,,207,305,140,1115,712,789,5126,3087,3159,171,134,138,1148,705,1053,4986,2846,2928
W (5036) main: 1,163, us,,163,112,117,1520,1103,763,9173,3511,4651,151,107,120,1464,1019,814,4620,3198,3259
W (5036) main: 0,632, us,,632,654,546,1124,722,2094,4612,2922,6533,1377,487,517,1145,702,902,9369,2836,2914
W (6036) main: 2,191, us,,191,128,247,1116,716,822,5085,3026,3167,168,129,268,1163,700,1044,4631,3165,2997
W (6036) main: 1,148, us,,148,108,128,1498,1081,1220,4563,3548,3625,150,108,113,1469,999,717,4973,2827,3323
W (6036) main: 0,565, us,,565,492,735,1119,722,766,9317,2932,3096,527,455,650,1130,696,714,4620,5774,2920
W (7046) main: 2,3797, us,,3797,262,137,5717,715,755,10902,3415,3155,177,130,132,1144,764,1015,4684,2878,3246
W (7046) main: 0,7891, us,,7891,123,122,9436,1052,1116,11396,6335,3572,155,114,122,1433,1039,722,4987,3358,2922
W (7046) main: 1,6397, us,,6397,641,519,8498,3635,772,14522,6148,3118,509,447,457,1132,703,734,7614,2815,5969
W (8036) main: 2,590, us,,590,129,131,1439,1055,849,5065,5995,3322,167,130,157,1490,696,1018,5091,2832,3037
W (8036) main: 1,168, us,,168,105,113,1715,713,1167,11090,11727,3728,153,116,120,1281,973,806,4703,3117,3305
W (8046) main: 0,6066, us,,6066,455,477,1115,6893,751,7417,18860,3152,505,446,483,6153,696,801,9823,2815,2949
W (9036) main: 2,326, us,,326,129,131,1114,902,752,5354,3387,3668,167,130,219,1326,699,1029,4625,2809,2918
W (9036) main: 0,762, us,,762,111,112,6846,1289,1108,4524,6187,3043,148,114,125,1573,973,721,5871,3106,3245
W (9046) main: 1,2884, us,,2884,455,483,7499,722,756,12739,10545,6418,496,447,584,1149,702,734,4629,2827,2976
W (10036) main: 0,825, us,,825,128,131,1477,711,746,5379,5781,3146,169,129,132,1163,708,1037,4992,3151,2985
W (10036) main: 1,266, us,,266,112,120,2625,1074,1132,4535,14220,4539,143,111,112,1466,996,760,4622,2791,3373
W (10046) main: 2,3995, us,,3995,491,527,1118,3427,755,10011,16616,3170,523,457,473,1141,700,768,9399,5758,2911
W (11036) main: 2,477, us,,477,128,131,1116,817,750,5149,6341,3159,359,129,131,1153,698,1014,4621,2822,2922
W (11036) main: 0,834, us,,834,104,116,1461,5357,1102,4514,12784,3601,683,117,118,1444,972,725,4938,3110,3236
W (11036) main: 1,174, us,,174,446,479,1123,8284,756,9332,17100,3139,161,451,464,1130,706,767,4628,2815,2918
W (12036) main: 2,186, us,,186,129,172,1115,1299,753,4631,3381,3232,167,130,131,1148,699,1043,4958,2818,3235
W (12036) main: 1,159, us,,159,108,116,1461,4715,1109,5062,3699,3729,157,119,120,1437,970,717,4619,3116,2940
W (12036) main: 0,544, us,,544,449,548,1125,3721,759,4608,8505,6626,509,438,466,1139,702,814,9385,2826,6301
W (13036) main: 2,187, us,,187,129,131,1114,1020,754,5005,3603,3154,189,223,218,1150,761,1037,5000,2822,2932
W (13036) main: 1,163, us,,163,108,112,1464,1327,1110,4523,5934,3598,164,118,122,1437,1041,711,10190,3107,3239
W (13036) main: 0,542, us,,542,449,478,1120,720,763,9498,10471,3127,519,560,592,1136,707,732,12703,2818,2910
W (14036) main: 2,187, us,,,,,,,,,,,,,,,,,,,
W (14036) main: 1,168, us,,,,,,,,,,,,,,,,,,,
W (14036) main: 0,551, us,,,,,,,,,,,,,,,,,,,
W (15036) main: 2,202, us,,,,,,,,,,,,,,,,,,,
W (15036) main: 1,167, us,,,,,,,,,,,,,,,,,,,
W (15036) main: 0,558, us,,,,,,,,,,,,,,,,,,,
W (16036) main: 2,238, us,,,,,,,,,,,,,,,,,,,
W (16036) main: 1,170, us,,,,,,,,,,,,,,,,,,,
W (16036) main: 0,598, us,,,,,,,,,,,,,,,,,,,
W (17036) main: 2,186, us,,,,,,,,,,,,,,,,,,,
W (17036) main: 1,163, us,,,,,,,,,,,,,,,,,,,
W (17036) main: 0,542, us,,,,,,,,,,,,,,,,,,,
W (18036) main: 2,284, us,,,,,,,,,,,,,,,,,,,
W (18036) main: 1,178, us,,,,,,,,,,,,,,,,,,,
W (18036) main: 0,654, us,,,,,,,,,,,,,,,,,,,
W (19036) main: 2,195, us,,,,,,,,,,,,,,,,,,,
W (19036) main: 1,168, us,,,,,,,,,,,,,,,,,,,
W (19036) main: 0,555, us,,,,,,,,,,,,,,,,,,,
W (20036) main: 2,187, us,,,,,,,,,,,,,,,,,,,
W (20036) main: 1,167, us,,,,,,,,,,,,,,,,,,,
W (20036) main: 0,551, us,,,,,,,,,,,,,,,,,,,
W (21036) main: 2,733, us,,,,,,,,,,,,,,,,,,,
W (21036) main: 0,1007, us,,,,,,,,,,,,,,,,,,,
W (21036) main: 1,167, us,,,,,,,,,,,,,,,,,,,
W (4037) main: 2,972, us,,,,,,,,,,,,,,,,,,,
W (4037) main: 0,1019, us,,,,,,,,,,,,,,,,,,,
W (4037) main: 1,132, us,,,,,,,,,,,,,,,,,,,
W (5037) main: 2,305, us,,,,,,,,,,,,,,,,,,,
W (5037) main: 1,112, us,,,,,,,,,,,,,,,,,,,
W (5037) main: 0,654, us,,,,,,,,,,,,,,,,,,,
W (6037) main: 2,128, us,,,,,,,,,,,,,,,,,,,
W (6037) main: 1,108, us,,,,,,,,,,,,,,,,,,,
W (6037) main: 0,492, us,,,,,,,,,,,,,,,,,,,
W (7037) main: 2,262, us,,,,,,,,,,,,,,,,,,,
W (7037) main: 1,123, us,,,,,,,,,,,,,,,,,,,
W (7037) main: 0,641, us,,,,,,,,,,,,,,,,,,,
W (8037) main: 2,129, us,,,,,,,,,,,,,,,,,,,
W (8037) main: 1,105, us,,,,,,,,,,,,,,,,,,,
W (8037) main: 0,455, us,,,,,,,,,,,,,,,,,,,
W (9037) main: 2,129, us,,,,,,,,,,,,,,,,,,,
W (9037) main: 1,111, us,,,,,,,,,,,,,,,,,,,
W (9037) main: 0,455, us,,,,,,,,,,,,,,,,,,,
W (10037) main: 2,128, us,,,,,,,,,,,,,,,,,,,
W (10037) main: 1,112, us,,,,,,,,,,,,,,,,,,,
W (10037) main: 0,491, us,,,,,,,,,,,,,,,,,,,
W (11037) main: 2,128, us,,,,,,,,,,,,,,,,,,,
W (11037) main: 1,104, us,,,,,,,,,,,,,,,,,,,
W (11037) main: 0,446, us,,,,,,,,,,,,,,,,,,,
W (12037) main: 2,129, us,,,,,,,,,,,,,,,,,,,
W (12037) main: 1,108, us,,,,,,,,,,,,,,,,,,,
W (12037) main: 0,449, us,,,,,,,,,,,,,,,,,,,
W (13037) main: 2,129, us,,,,,,,,,,,,,,,,,,,
W (13037) main: 1,108, us,,,,,,,,,,,,,,,,,,,
W (13037) main: 0,449, us,,,,,,,,,,,,,,,,,,,
W (14037) main: 2,129, us,,,,,,,,,,,,,,,,,,,
W (14037) main: 1,107, us,,,,,,,,,,,,,,,,,,,
W (14037) main: 0,449, us,,,,,,,,,,,,,,,,,,,
W (15037) main: 2,129, us,,,,,,,,,,,,,,,,,,,
W (15037) main: 1,107, us,,,,,,,,,,,,,,,,,,,
W (15037) main: 0,450, us,,,,,,,,,,,,,,,,,,,
W (16037) main: 2,129, us,,,,,,,,,,,,,,,,,,,
W (16037) main: 1,108, us,,,,,,,,,,,,,,,,,,,
W (16037) main: 0,449, us,,,,,,,,,,,,,,,,,,,
W (17037) main: 2,634, us,,,,,,,,,,,,,,,,,,,
W (17037) main: 0,961, us,,,,,,,,,,,,,,,,,,,
W (17037) main: 1,114, us,,,,,,,,,,,,,,,,,,,
W (4037) main: 2,1054, us,,,,,,,,,,,,,,,,,,,
W (4037) main: 0,1111, us,,,,,,,,,,,,,,,,,,,
W (4037) main: 1,130, us,,,,,,,,,,,,,,,,,,,
W (5037) main: 2,140, us,,,,,,,,,,,,,,,,,,,
W (5037) main: 1,117, us,,,,,,,,,,,,,,,,,,,
W (5037) main: 0,546, us,,,,,,,,,,,,,,,,,,,
W (6037) main: 2,247, us,,,,,,,,,,,,,,,,,,,
W (6037) main: 1,128, us,,,,,,,,,,,,,,,,,,,
W (6037) main: 0,735, us,,,,,,,,,,,,,,,,,,,
W (7037) main: 2,137, us,,,,,,,,,,,,,,,,,,,
W (7037) main: 1,122, us,,,,,,,,,,,,,,,,,,,
W (7037) main: 0,519, us,,,,,,,,,,,,,,,,,,,
W (8037) main: 2,131, us,,,,,,,,,,,,,,,,,,,
W (8037) main: 1,113, us,,,,,,,,,,,,,,,,,,,
W (8037) main: 0,477, us,,,,,,,,,,,,,,,,,,,
W (9037) main: 2,131, us,,,,,,,,,,,,,,,,,,,
W (9037) main: 1,112, us,,,,,,,,,,,,,,,,,,,
W (9037) main: 0,483, us,,,,,,,,,,,,,,,,,,,
W (10037) main: 2,131, us,,,,,,,,,,,,,,,,,,,
W (10037) main: 1,120, us,,,,,,,,,,,,,,,,,,,
W (10037) main: 0,527, us,,,,,,,,,,,,,,,,,,,
W (11037) main: 2,131, us,,,,,,,,,,,,,,,,,,,
W (11037) main: 1,116, us,,,,,,,,,,,,,,,,,,,
W (11037) main: 0,479, us,,,,,,,,,,,,,,,,,,,
W (12037) main: 2,172, us,,,,,,,,,,,,,,,,,,,
W (12037) main: 1,116, us,,,,,,,,,,,,,,,,,,,
W (12037) main: 0,548, us,,,,,,,,,,,,,,,,,,,
W (13037) main: 2,131, us,,,,,,,,,,,,,,,,,,,
W (13037) main: 1,112, us,,,,,,,,,,,,,,,,,,,
W (13037) main: 0,478, us,,,,,,,,,,,,,,,,,,,
W (14037) main: 2,251, us,,,,,,,,,,,,,,,,,,,
W (14037) main: 1,128, us,,,,,,,,,,,,,,,,,,,
W (14037) main: 0,659, us,,,,,,,,,,,,,,,,,,,
W (15037) main: 2,377, us,,,,,,,,,,,,,,,,,,,
W (15037) main: 0,924, us,,,,,,,,,,,,,,,,,,,
W (15037) main: 1,125, us,,,,,,,,,,,,,,,,,,,
W (4061) main: 2,2046, us,,,,,,,,,,,,,,,,,,,
W (4061) main: 0,2086, us,,,,,,,,,,,,,,,,,,,
W (4061) main: 1,1126, us,,,,,,,,,,,,,,,,,,,
W (5061) main: 2,1115, us,,,,,,,,,,,,,,,,,,,
W (5061) main: 0,1520, us,,,,,,,,,,,,,,,,,,,
W (5061) main: 1,1124, us,,,,,,,,,,,,,,,,,,,
W (6061) main: 2,1116, us,,,,,,,,,,,,,,,,,,,
W (6061) main: 0,1498, us,,,,,,,,,,,,,,,,,,,
W (6061) main: 1,1119, us,,,,,,,,,,,,,,,,,,,
W (7061) main: 2,5717, us,,,,,,,,,,,,,,,,,,,
W (7071) main: 0,9436, us,,,,,,,,,,,,,,,,,,,
W (7071) main: 1,8498, us,,,,,,,,,,,,,,,,,,,
W (8061) main: 2,1439, us,,,,,,,,,,,,,,,,,,,
W (8061) main: 0,1715, us,,,,,,,,,,,,,,,,,,,
W (8061) main: 1,1115, us,,,,,,,,,,,,,,,,,,,
W (9061) main: 2,1114, us,,,,,,,,,,,,,,,,,,,
W (9061) main: 0,6846, us,,,,,,,,,,,,,,,,,,,
W (9071) main: 1,7499, us,,,,,,,,,,,,,,,,,,,
W (10061) main: 2,1477, us,,,,,,,,,,,,,,,,,,,
W (10061) main: 0,2625, us,,,,,,,,,,,,,,,,,,,
W (10061) main: 1,1118, us,,,,,,,,,,,,,,,,,,,
W (11061) main: 2,1116, us,,,,,,,,,,,,,,,,,,,
W (11061) main: 0,1461, us,,,,,,,,,,,,,,,,,,,
W (11061) main: 1,1123, us,,,,,,,,,,,,,,,,,,,
W (12061) main: 2,1115, us,,,,,,,,,,,,,,,,,,,
W (12061) main: 0,1461, us,,,,,,,,,,,,,,,,,,,
W (12061) main: 1,1125, us,,,,,,,,,,,,,,,,,,,
W (13061) main: 2,1114, us,,,,,,,,,,,,,,,,,,,
W (13061) main: 0,1464, us,,,,,,,,,,,,,,,,,,,
W (13061) main: 1,1120, us,,,,,,,,,,,,,,,,,,,
W (14061) main: 2,1239, us,,,,,,,,,,,,,,,,,,,
W (14061) main: 0,1561, us,,,,,,,,,,,,,,,,,,,
W (14061) main: 1,1122, us,,,,,,,,,,,,,,,,,,,
W (15061) main: 2,1116, us,,,,,,,,,,,,,,,,,,,
W (15061) main: 0,1462, us,,,,,,,,,,,,,,,,,,,
W (15061) main: 1,1120, us,,,,,,,,,,,,,,,,,,,
W (16061) main: 2,1115, us,,,,,,,,,,,,,,,,,,,
W (16061) main: 0,1461, us,,,,,,,,,,,,,,,,,,,
W (16061) main: 1,1122, us,,,,,,,,,,,,,,,,,,,
W (17061) main: 2,1666, us,,,,,,,,,,,,,,,,,,,
W (17061) main: 0,1874, us,,,,,,,,,,,,,,,,,,,
W (17061) main: 1,1122, us,,,,,,,,,,,,,,,,,,,
W (4061) main: 2,1599, us,,,,,,,,,,,,,,,,,,,
W (4061) main: 0,1640, us,,,,,,,,,,,,,,,,,,,
W (4061) main: 1,712, us,,,,,,,,,,,,,,,,,,,
W (5061) main: 2,712, us,,,,,,,,,,,,,,,,,,,
W (5061) main: 0,1103, us,,,,,,,,,,,,,,,,,,,
W (5061) main: 1,722, us,,,,,,,,,,,,,,,,,,,
W (6061) main: 2,716, us,,,,,,,,,,,,,,,,,,,
W (6061) main: 0,1081, us,,,,,,,,,,,,,,,,,,,
W (6061) main: 1,722, us,,,,,,,,,,,,,,,,,,,
W (7061) main: 2,715, us,,,,,,,,,,,,,,,,,,,
W (7061) main: 0,1052, us,,,,,,,,,,,,,,,,,,,
W (7061) main: 1,3635, us,,,,,,,,,,,,,,,,,,,
W (8061) main: 2,1055, us,,,,,,,,,,,,,,,,,,,
W (8061) main: 1,713, us,,,,,,,,,,,,,,,,,,,
W (8061) main: 0,6893, us,,,,,,,,,,,,,,,,,,,
W (9061) main: 2,902, us,,,,,,,,,,,,,,,,,,,
W (9061) main: 0,1289, us,,,,,,,,,,,,,,,,,,,
W (9061) main: 1,722, us,,,,,,,,,,,,,,,,,,,
W (10061) main: 2,711, us,,,,,,,,,,,,,,,,,,,
W (10061) main: 0,1074, us,,,,,,,,,,,,,,,,,,,
W (10061) main: 1,3427, us,,,,,,,,,,,,,,,,,,,
W (11061) main: 1,817, us,,,,,,,,,,,,,,,,,,,
W (11061) main: 2,5357, us,,,,,,,,,,,,,,,,,,,
W (11071) main: 0,8284, us,,,,,,,,,,,,,,,,,,,
W (12061) main: 0,1299, us,,,,,,,,,,,,,,,,,,,
W (12061) main: 2,4715, us,,,,,,,,,,,,,,,,,,,
W (12061) main: 1,3721, us,,,,,,,,,,,,,,,,,,,
W (13061) main: 2,1020, us,,,,,,,,,,,,,,,,,,,
W (13061) main: 0,1327, us,,,,,,,,,,,,,,,,,,,
W (13061) main: 1,720, us,,,,,,,,,,,,,,,,,,,
W (14061) main: 1,932, us,,,,,,,,,,,,,,,,,,,
W (14061) main: 2,4954, us,,,,,,,,,,,,,,,,,,,
W (14071) main: 0,8664, us,,,,,,,,,,,,,,,,,,,
W (15061) main: 2,1012, us,,,,,,,,,,,,,,,,,,,
W (15061) main: 1,720, us,,,,,,,,,,,,,,,,,,,
W (15061) main: 0,6716, us,,,,,,,,,,,,,,,,,,,
W (16061) main: 2,829, us,,,,,,,,,,,,,,,,,,,
W (16061) main: 0,6366, us,,,,,,,,,,,,,,,,,,,
W (16071) main: 1,7084, us,,,,,,,,,,,,,,,,,,,
W (17061) main: 0,1502, us,,,,,,,,,,,,,,,,,,,
W (17061) main: 1,683, us,,,,,,,,,,,,,,,,,,,
W (4041) main: 2,1742, us,,,,,,,,,,,,,,,,,,,
W (4041) main: 0,1787, us,,,,,,,,,,,,,,,,,,,
W (4041) main: 1,761, us,,,,,,,,,,,,,,,,,,,
W (5041) main: 2,789, us,,,,,,,,,,,,,,,,,,,
W (5041) main: 1,763, us,,,,,,,,,,,,,,,,,,,
W (5041) main: 0,2094, us,,,,,,,,,,,,,,,,,,,
W (6041) main: 2,822, us,,,,,,,,,,,,,,,,,,,
W (6041) main: 0,1220, us,,,,,,,,,,,,,,,,,,,
W (6041) main: 1,766, us,,,,,,,,,,,,,,,,,,,
W (7041) main: 2,755, us,,,,,,,,,,,,,,,,,,,
W (7041) main: 0,1116, us,,,,,,,,,,,,,,,,,,,
W (7041) main: 1,772, us,,,,,,,,,,,,,,,,,,,
W (8041) main: 2,849, us,,,,,,,,,,,,,,,,,,,
W (8041) main: 0,1167, us,,,,,,,,,,,,,,,,,,,
W (8041) main: 1,751, us,,,,,,,,,,,,,,,,,,,
W (9041) main: 2,752, us,,,,,,,,,,,,,,,,,,,
W (9041) main: 0,1108, us,,,,,,,,,,,,,,,,,,,
W (9041) main: 1,756, us,,,,,,,,,,,,,,,,,,,
W (10041) main: 2,746, us,,,,,,,,,,,,,,,,,,,
W (10041) main: 0,1132, us,,,,,,,,,,,,,,,,,,,
W (10041) main: 1,755, us,,,,,,,,,,,,,,,,,,,
W (11041) main: 2,750, us,,,,,,,,,,,,,,,,,,,
W (11041) main: 0,1102, us,,,,,,,,,,,,,,,,,,,
W (11041) main: 1,756, us,,,,,,,,,,,,,,,,,,,
W (12041) main: 2,753, us,,,,,,,,,,,,,,,,,,,
W (12041) main: 0,1109, us,,,,,,,,,,,,,,,,,,,
W (12041) main: 1,759, us,,,,,,,,,,,,,,,,,,,
W (13041) main: 2,754, us,,,,,,,,,,,,,,,,,,,
W (13041) main: 0,1110, us,,,,,,,,,,,,,,,,,,,
W (13041) main: 1,763, us,,,,,,,,,,,,,,,,,,,
W (14041) main: 2,762, us,,,,,,,,,,,,,,,,,,,
W (14041) main: 0,1106, us,,,,,,,,,,,,,,,,,,,
W (14041) main: 1,768, us,,,,,,,,,,,,,,,,,,,
W (15041) main: 2,838, us,,,,,,,,,,,,,,,,,,,
W (15041) main: 0,1242, us,,,,,,,,,,,,,,,,,,,
W (15041) main: 1,767, us,,,,,,,,,,,,,,,,,,,
W (16041) main: 2,756, us,,,,,,,,,,,,,,,,,,,
W (16041) main: 0,1110, us,,,,,,,,,,,,,,,,,,,
W (16041) main: 1,758, us,,,,,,,,,,,,,,,,,,,
W (17041) main: 2,965, us,,,,,,,,,,,,,,,,,,,
W (17041) main: 0,1438, us,,,,,,,,,,,,,,,,,,,
W (17041) main: 1,753, us,,,,,,,,,,,,,,,,,,,
W (4106) main: 1,5253, us,,,,,,,,,,,,,,,,,,,
W (4106) main: 0,6449, us,,,,,,,,,,,,,,,,,,,
W (4116) main: 2,11021, us,,,,,,,,,,,,,,,,,,,
W (5116) main: 0,5126, us,,,,,,,,,,,,,,,,,,,
W (5116) main: 2,9173, us,,,,,,,,,,,,,,,,,,,
W (5116) main: 1,4612, us,,,,,,,,,,,,,,,,,,,
W (6126) main: 0,5085, us,,,,,,,,,,,,,,,,,,,
W (6126) main: 1,4563, us,,,,,,,,,,,,,,,,,,,
W (6126) main: 2,9317, us,,,,,,,,,,,,,,,,,,,
W (7136) main: 0,10902, us,,,,,,,,,,,,,,,,,,,
W (7146) main: 1,11396, us,,,,,,,,,,,,,,,,,,,
W (7146) main: 2,14522, us,,,,,,,,,,,,,,,,,,,
W (8146) main: 2,5065, us,,,,,,,,,,,,,,,,,,,
W (8156) main: 0,11090, us,,,,,,,,,,,,,,,,,,,
W (8156) main: 1,7417, us,,,,,,,,,,,,,,,,,,,
W (9166) main: 0,5354, us,,,,,,,,,,,,,,,,,,,
W (9166) main: 1,4524, us,,,,,,,,,,,,,,,,,,,
W (9166) main: 2,12739, us,,,,,,,,,,,,,,,,,,,
W (10176) main: 0,5379, us,,,,,,,,,,,,,,,,,,,
W (10176) main: 1,4535, us,,,,,,,,,,,,,,,,,,,
W (10176) main: 2,10011, us,,,,,,,,,,,,,,,,,,,
W (11186) main: 0,5149, us,,,,,,,,,,,,,,,,,,,
W (11186) main: 1,4514, us,,,,,,,,,,,,,,,,,,,
W (11186) main: 2,9332, us,,,,,,,,,,,,,,,,,,,
W (12186) main: 2,4631, us,,,,,,,,,,,,,,,,,,,
W (12186) main: 0,5062, us,,,,,,,,,,,,,,,,,,,
W (12196) main: 1,4608, us,,,,,,,,,,,,,,,,,,,
W (13196) main: 0,5005, us,,,,,,,,,,,,,,,,,,,
W (13196) main: 1,4523, us,,,,,,,,,,,,,,,,,,,
W (13196) main: 2,9498, us,,,,,,,,,,,,,,,,,,,
W (14196) main: 2,4711, us,,,,,,,,,,,,,,,,,,,
W (14206) main: 1,4857, us,,,,,,,,,,,,,,,,,,,
W (14206) main: 0,10582, us,,,,,,,,,,,,,,,,,,,
W (15206) main: 2,4895, us,,,,,,,,,,,,,,,,,,,
W (15206) main: 0,5308, us,,,,,,,,,,,,,,,,,,,
W (15216) main: 1,4608, us,,,,,,,,,,,,,,,,,,,
W (16226) main: 2,4840, us,,,,,,,,,,,,,,,,,,,
W (16226) main: 0,5336, us,,,,,,,,,,,,,,,,,,,
W (16236) main: 1,4613, us,,,,,,,,,,,,,,,,,,,
W (4116) main: 1,4141, us,,,,,,,,,,,,,,,,,,,
W (4116) main: 2,2920, us,,,,,,,,,,,,,,,,,,,
W (4116) main: 0,7844, us,,,,,,,,,,,,,,,,,,,
W (5116) main: 1,3087, us,,,,,,,,,,,,,,,,,,,
W (5116) main: 0,3511, us,,,,,,,,,,,,,,,,,,,
W (5116) main: 2,2922, us,,,,,,,,,,,,,,,,,,,
W (6116) main: 1,3026, us,,,,,,,,,,,,,,,,,,,
W (6116) main: 0,3548, us,,,,,,,,,,,,,,,,,,,
W (6126) main: 2,2932, us,,,,,,,,,,,,,,,,,,,
W (7126) main: 0,3415, us,,,,,,,,,,,,,,,,,,,
W (7126) main: 1,6335, us,,,,,,,,,,,,,,,,,,,
W (7136) main: 2,6148, us,,,,,,,,,,,,,,,,,,,
W (8136) main: 1,5995, us,,,,,,,,,,,,,,,,,,,
W (8146) main: 2,11727, us,,,,,,,,,,,,,,,,,,,
W (8146) main: 0,18860, us,,,,,,,,,,,,,,,,,,,
W (9146) main: 1,3387, us,,,,,,,,,,,,,,,,,,,
W (9156) main: 0,6187, us,,,,,,,,,,,,,,,,,,,
W (9156) main: 2,10545, us,,,,,,,,,,,,,,,,,,,
W (10166) main: 1,5781, us,,,,,,,,,,,,,,,,,,,
W (10176) main: 0,14220, us,,,,,,,,,,,,,,,,,,,
W (10176) main: 2,16616, us,,,,,,,,,,,,,,,,,,,
W (11186) main: 1,6341, us,,,,,,,,,,,,,,,,,,,
W (11196) main: 2,12784, us,,,,,,,,,,,,,,,,,,,
W (11196) main: 0,17100, us,,,,,,,,,,,,,,,,,,,
W (12196) main: 1,3381, us,,,,,,,,,,,,,,,,,,,
W (12196) main: 0,3699, us,,,,,,,,,,,,,,,,,,,
W (12206) main: 2,8505, us,,,,,,,,,,,,,,,,,,,
W (13206) main: 0,3603, us,,,,,,,,,,,,,,,,,,,
W (13206) main: 1,5934, us,,,,,,,,,,,,,,,,,,,
W (13216) main: 2,10471, us,,,,,,,,,,,,,,,,,,,
W (14226) main: 1,3294, us,,,,,,,,,,,,,,,,,,,
W (14226) main: 2,8829, us,,,,,,,,,,,,,,,,,,,
W (14236) main: 0,17709, us,,,,,,,,,,,,,,,,,,,
W (15246) main: 1,3139, us,,,,,,,,,,,,,,,,,,,
W (15246) main: 2,9117, us,,,,,,,,,,,,,,,,,,,
W (15256) main: 0,17527, us,,,,,,,,,,,,,,,,,,,
W (16256) main: 1,6028, us,,,,,,,,,,,,,,,,,,,
W (16266) main: 0,13312, us,,,,,,,,,,,,,,,,,,,
W (16276) main: 2,14932, us,,,,,,,,,,,,,,,,,,,
W (17276) main: 1,6154, us,,,,,,,,,,,,,,,,,,,
W (17286) main: 0,15763, us,,,,,,,,,,,,,,,,,,,
W (17296) main: 2,14692, us,,,,,,,,,,,,,,,,,,,
W (18296) main: 1,3339, us,,,,,,,,,,,,,,,,,,,
W (18296) main: 2,8962, us,,,,,,,,,,,,,,,,,,,
W (18306) main: 0,17444, us,,,,,,,,,,,,,,,,,,,
W (19306) main: 1,5936, us,,,,,,,,,,,,,,,,,,,
W (19316) main: 0,14169, us,,,,,,,,,,,,,,,,,,,
W (19326) main: 2,13663, us,,,,,,,,,,,,,,,,,,,
W (20326) main: 1,6175, us,,,,,,,,,,,,,,,,,,,
W (20326) main: 0,12909, us,,,,,,,,,,,,,,,,,,,
W (20336) main: 2,13821, us,,,,,,,,,,,,,,,,,,,
W (4116) main: 2,4437, us,,,,,,,,,,,,,,,,,,,
W (4116) main: 0,4458, us,,,,,,,,,,,,,,,,,,,
W (4126) main: 1,3134, us,,,,,,,,,,,,,,,,,,,
W (5126) main: 1,3159, us,,,,,,,,,,,,,,,,,,,
W (5126) main: 0,4651, us,,,,,,,,,,,,,,,,,,,
W (5126) main: 2,6533, us,,,,,,,,,,,,,,,,,,,
W (6136) main: 2,3167, us,,,,,,,,,,,,,,,,,,,
W (6136) main: 0,3625, us,,,,,,,,,,,,,,,,,,,
W (6136) main: 1,3096, us,,,,,,,,,,,,,,,,,,,
W (7136) main: 2,3155, us,,,,,,,,,,,,,,,,,,,
W (7136) main: 0,3572, us,,,,,,,,,,,,,,,,,,,
W (7136) main: 1,3118, us,,,,,,,,,,,,,,,,,,,
W (8136) main: 2,3322, us,,,,,,,,,,,,,,,,,,,
W (8136) main: 0,3728, us,,,,,,,,,,,,,,,,,,,
W (8146) main: 1,3152, us,,,,,,,,,,,,,,,,,,,
W (9146) main: 0,3668, us,,,,,,,,,,,,,,,,,,,
W (9146) main: 1,3043, us,,,,,,,,,,,,,,,,,,,
W (9146) main: 2,6418, us,,,,,,,,,,,,,,,,,,,
W (10146) main: 2,3146, us,,,,,,,,,,,,,,,,,,,
W (10146) main: 0,4539, us,,,,,,,,,,,,,,,,,,,
W (10146) main: 1,3170, us,,,,,,,,,,,,,,,,,,,
W (11146) main: 2,3159, us,,,,,,,,,,,,,,,,,,,
W (11146) main: 0,3601, us,,,,,,,,,,,,,,,,,,,
W (11156) main: 1,3139, us,,,,,,,,,,,,,,,,,,,
W (12156) main: 1,3232, us,,,,,,,,,,,,,,,,,,,
W (12156) main: 0,3729, us,,,,,,,,,,,,,,,,,,,
W (12156) main: 2,6626, us,,,,,,,,,,,,,,,,,,,
W (13156) main: 2,3154, us,,,,,,,,,,,,,,,,,,,
W (13156) main: 0,3598, us,,,,,,,,,,,,,,,,,,,
W (13166) main: 1,3127, us,,,,,,,,,,,,,,,,,,,
W (14166) main: 0,3590, us,,,,,,,,,,,,,,,,,,,
W (14166) main: 1,3062, us,,,,,,,,,,,,,,,,,,,
W (14166) main: 2,6476, us,,,,,,,,,,,,,,,,,,,
W (15166) main: 2,3181, us,,,,,,,,,,,,,,,,,,,
W (15166) main: 0,3629, us,,,,,,,,,,,,,,,,,,,
W (15166) main: 1,3103, us,,,,,,,,,,,,,,,,,,,
W (16166) main: 2,3152, us,,,,,,,,,,,,,,,,,,,
W (16166) main: 0,3595, us,,,,,,,,,,,,,,,,,,,
W (16176) main: 1,3124, us,,,,,,,,,,,,,,,,,,,
W (17176) main: 0,3576, us,,,,,,,,,,,,,,,,,,,
W (17176) main: 1,3110, us,,,,,,,,,,,,,,,,,,,
W (17176) main: 2,6397, us,,,,,,,,,,,,,,,,,,,
W (18176) main: 2,3139, us,,,,,,,,,,,,,,,,,,,
W (18176) main: 0,3586, us,,,,,,,,,,,,,,,,,,,
W (18176) main: 1,3134, us,,,,,,,,,,,,,,,,,,,
W (4037) main: 2,1020, us,,,,,,,,,,,,,,,,,,,
W (4037) main: 0,1020, us,,,,,,,,,,,,,,,,,,,
W (4037) main: 1,155, us,,,,,,,,,,,,,,,,,,,
W (5037) main: 2,171, us,,,,,,,,,,,,,,,,,,,
W (5037) main: 1,151, us,,,,,,,,,,,,,,,,,,,
W (5037) main: 0,1377, us,,,,,,,,,,,,,,,,,,,
W (6037) main: 2,168, us,,,,,,,,,,,,,,,,,,,
W (6037) main: 1,150, us,,,,,,,,,,,,,,,,,,,
W (6037) main: 0,527, us,,,,,,,,,,,,,,,,,,,
W (7037) main: 2,177, us,,,,,,,,,,,,,,,,,,,
W (7037) main: 1,155, us,,,,,,,,,,,,,,,,,,,
W (7037) main: 0,509, us,,,,,,,,,,,,,,,,,,,
W (8037) main: 2,167, us,,,,,,,,,,,,,,,,,,,
W (8037) main: 1,153, us,,,,,,,,,,,,,,,,,,,
W (8037) main: 0,505, us,,,,,,,,,,,,,,,,,,,
W (9037) main: 2,167, us,,,,,,,,,,,,,,,,,,,
W (9037) main: 1,148, us,,,,,,,,,,,,,,,,,,,
W (9037) main: 0,496, us,,,,,,,,,,,,,,,,,,,
W (10037) main: 2,169, us,,,,,,,,,,,,,,,,,,,
W (10037) main: 1,143, us,,,,,,,,,,,,,,,,,,,
W (10037) main: 0,523, us,,,,,,,,,,,,,,,,,,,
W (11037) main: 2,359, us,,,,,,,,,,,,,,,,,,,
W (11037) main: 0,683, us,,,,,,,,,,,,,,,,,,,
W (11037) main: 1,161, us,,,,,,,,,,,,,,,,,,,
W (12037) main: 2,167, us,,,,,,,,,,,,,,,,,,,
W (12037) main: 1,157, us,,,,,,,,,,,,,,,,,,,
W (12037) main: 0,509, us,,,,,,,,,,,,,,,,,,,
W (13037) main: 2,189, us,,,,,,,,,,,,,,,,,,,
W (13037) main: 1,164, us,,,,,,,,,,,,,,,,,,,
W (13037) main: 0,519, us,,,,,,,,,,,,,,,,,,,
W (14037) main: 2,259, us,,,,,,,,,,,,,,,,,,,
W (14037) main: 1,158, us,,,,,,,,,,,,,,,,,,,
W (14037) main: 0,606, us,,,,,,,,,,,,,,,,,,,
W (15037) main: 2,168, us,,,,,,,,,,,,,,,,,,,
W (15037) main: 1,156, us,,,,,,,,,,,,,,,,,,,
W (15037) main: 0,509, us,,,,,,,,,,,,,,,,,,,
W (16037) main: 2,180, us,,,,,,,,,,,,,,,,,,,
W (16037) main: 1,158, us,,,,,,,,,,,,,,,,,,,
W (16037) main: 0,513, us,,,,,,,,,,,,,,,,,,,
W (17037) main: 0,672, us,,,,,,,,,,,,,,,,,,,
W (17047) main: 1,382, us,,,,,,,,,,,,,,,,,,,
W (17047) main: 2,4095, us,,,,,,,,,,,,,,,,,,,
W (18037) main: 2,464, us,,,,,,,,,,,,,,,,,,,
W (18037) main: 0,869, us,,,,,,,,,,,,,,,,,,,
W (18037) main: 1,165, us,,,,,,,,,,,,,,,,,,,
W (4037) main: 2,969, us,,,,,,,,,,,,,,,,,,,
W (4037) main: 0,988, us,,,,,,,,,,,,,,,,,,,
W (4037) main: 1,117, us,,,,,,,,,,,,,,,,,,,
W (5037) main: 2,134, us,,,,,,,,,,,,,,,,,,,
W (5037) main: 1,107, us,,,,,,,,,,,,,,,,,,,
W (5037) main: 0,487, us,,,,,,,,,,,,,,,,,,,
W (6037) main: 2,129, us,,,,,,,,,,,,,,,,,,,
W (6037) main: 1,108, us,,,,,,,,,,,,,,,,,,,
W (6037) main: 0,455, us,,,,,,,,,,,,,,,,,,,
W (7037) main: 2,130, us,,,,,,,,,,,,,,,,,,,
W (7037) main: 1,114, us,,,,,,,,,,,,,,,,,,,
W (7037) main: 0,447, us,,,,,,,,,,,,,,,,,,,
W (8037) main: 2,130, us,,,,,,,,,,,,,,,,,,,
W (8037) main: 1,116, us,,,,,,,,,,,,,,,,,,,
W (8037) main: 0,446, us,,,,,,,,,,,,,,,,,,,
W (9037) main: 2,130, us,,,,,,,,,,,,,,,,,,,
W (9037) main: 1,114, us,,,,,,,,,,,,,,,,,,,
W (9037) main: 0,447, us,,,,,,,,,,,,,,,,,,,
W (10037) main: 2,129, us,,,,,,,,,,,,,,,,,,,
W (10037) main: 1,111, us,,,,,,,,,,,,,,,,,,,
W (10037) main: 0,457, us,,,,,,,,,,,,,,,,,,,
W (11037) main: 2,129, us,,,,,,,,,,,,,,,,,,,
W (11037) main: 1,117, us,,,,,,,,,,,,,,,,,,,
W (11037) main: 0,451, us,,,,,,,,,,,,,,,,,,,
W (12037) main: 2,130, us,,,,,,,,,,,,,,,,,,,
W (12037) main: 1,119, us,,,,,,,,,,,,,,,,,,,
W (12037) main: 0,438, us,,,,,,,,,,,,,,,,,,,
W (13037) main: 2,223, us,,,,,,,,,,,,,,,,,,,
W (13037) main: 1,118, us,,,,,,,,,,,,,,,,,,,
W (13037) main: 0,560, us,,,,,,,,,,,,,,,,,,,
W (14037) main: 2,129, us,,,,,,,,,,,,,,,,,,,
W (14037) main: 1,117, us,,,,,,,,,,,,,,,,,,,
W (14037) main: 0,443, us,,,,,,,,,,,,,,,,,,,
W (15037) main: 2,130, us,,,,,,,,,,,,,,,,,,,
W (15037) main: 1,111, us,,,,,,,,,,,,,,,,,,,
W (15037) main: 0,449, us,,,,,,,,,,,,,,,,,,,
W (16037) main: 2,130, us,,,,,,,,,,,,,,,,,,,
W (16037) main: 1,118, us,,,,,,,,,,,,,,,,,,,
W (16037) main: 0,443, us,,,,,,,,,,,,,,,,,,,
W (17037) main: 2,130, us,,,,,,,,,,,,,,,,,,,
W (17037) main: 1,114, us,,,,,,,,,,,,,,,,,,,
W (17037) main: 0,447, us,,,,,,,,,,,,,,,,,,,
W (18037) main: 2,129, us,,,,,,,,,,,,,,,,,,,
W (18037) main: 1,117, us,,,,,,,,,,,,,,,,,,,
W (18037) main: 0,443, us,,,,,,,,,,,,,,,,,,,
W (19037) main: 2,235, us,,,,,,,,,,,,,,,,,,,
W (19037) main: 1,118, us,,,,,,,,,,,,,,,,,,,
W (19037) main: 0,568, us,,,,,,,,,,,,,,,,,,,
W (20037) main: 2,130, us,,,,,,,,,,,,,,,,,,,
W (20037) main: 1,115, us,,,,,,,,,,,,,,,,,,,
W (20037) main: 0,448, us,,,,,,,,,,,,,,,,,,,
W (21037) main: 2,185, us,,,,,,,,,,,,,,,,,,,
W (21037) main: 1,112, us,,,,,,,,,,,,,,,,,,,
W (21037) main: 0,473, us,,,,,,,,,,,,,,,,,,,
W (22037) main: 2,267, us,,,,,,,,,,,,,,,,,,,
W (22037) main: 1,116, us,,,,,,,,,,,,,,,,,,,
W (22037) main: 0,587, us,,,,,,,,,,,,,,,,,,,
W (23037) main: 2,130, us,,,,,,,,,,,,,,,,,,,
W (23037) main: 1,116, us,,,,,,,,,,,,,,,,,,,
W (23037) main: 0,450, us,,,,,,,,,,,,,,,,,,,
W (24037) main: 2,130, us,,,,,,,,,,,,,,,,,,,
W (24037) main: 1,117, us,,,,,,,,,,,,,,,,,,,
W (24037) main: 0,451, us,,,,,,,,,,,,,,,,,,,
W (25037) main: 2,130, us,,,,,,,,,,,,,,,,,,,
W (25037) main: 1,115, us,,,,,,,,,,,,,,,,,,,
W (25037) main: 0,449, us,,,,,,,,,,,,,,,,,,,
W (26037) main: 2,155, us,,,,,,,,,,,,,,,,,,,
W (26037) main: 1,120, us,,,,,,,,,,,,,,,,,,,
W (26037) main: 0,482, us,,,,,,,,,,,,,,,,,,,
W (27037) main: 2,130, us,,,,,,,,,,,,,,,,,,,
W (27037) main: 1,115, us,,,,,,,,,,,,,,,,,,,
W (27037) main: 0,449, us,,,,,,,,,,,,,,,,,,,
W (28037) main: 2,287, us,,,,,,,,,,,,,,,,,,,
W (28037) main: 0,754, us,,,,,,,,,,,,,,,,,,,
W (28037) main: 1,118, us,,,,,,,,,,,,,,,,,,,
W (4037) main: 2,1013, us,,,,,,,,,,,,,,,,,,,
W (4037) main: 0,1037, us,,,,,,,,,,,,,,,,,,,
W (4037) main: 1,120, us,,,,,,,,,,,,,,,,,,,
W (5037) main: 2,138, us,,,,,,,,,,,,,,,,,,,
W (5037) main: 1,120, us,,,,,,,,,,,,,,,,,,,
W (5037) main: 0,517, us,,,,,,,,,,,,,,,,,,,
W (6037) main: 2,268, us,,,,,,,,,,,,,,,,,,,
W (6037) main: 1,113, us,,,,,,,,,,,,,,,,,,,
W (6037) main: 0,650, us,,,,,,,,,,,,,,,,,,,
W (7037) main: 2,132, us,,,,,,,,,,,,,,,,,,,
W (7037) main: 1,122, us,,,,,,,,,,,,,,,,,,,
W (7037) main: 0,457, us,,,,,,,,,,,,,,,,,,,
W (8037) main: 2,157, us,,,,,,,,,,,,,,,,,,,
W (8037) main: 1,120, us,,,,,,,,,,,,,,,,,,,
W (8037) main: 0,483, us,,,,,,,,,,,,,,,,,,,
W (9037) main: 2,219, us,,,,,,,,,,,,,,,,,,,
W (9037) main: 1,125, us,,,,,,,,,,,,,,,,,,,
W (9037) main: 0,584, us,,,,,,,,,,,,,,,,,,,
W (10037) main: 2,132, us,,,,,,,,,,,,,,,,,,,
W (10037) main: 1,112, us,,,,,,,,,,,,,,,,,,,
W (10037) main: 0,473, us,,,,,,,,,,,,,,,,,,,
W (11037) main: 2,131, us,,,,,,,,,,,,,,,,,,,
W (11037) main: 1,118, us,,,,,,,,,,,,,,,,,,,
W (11037) main: 0,464, us,,,,,,,,,,,,,,,,,,,
W (12037) main: 2,131, us,,,,,,,,,,,,,,,,,,,
W (12037) main: 1,120, us,,,,,,,,,,,,,,,,,,,
W (12037) main: 0,466, us,,,,,,,,,,,,,,,,,,,
W (13037) main: 2,218, us,,,,,,,,,,,,,,,,,,,
W (13037) main: 1,122, us,,,,,,,,,,,,,,,,,,,
W (13037) main: 0,592, us,,,,,,,,,,,,,,,,,,,
W (14037) main: 2,131, us,,,,,,,,,,,,,,,,,,,
W (14037) main: 1,121, us,,,,,,,,,,,,,,,,,,,
W (14037) main: 0,460, us,,,,,,,,,,,,,,,,,,,
W (15037) main: 2,131, us,,,,,,,,,,,,,,,,,,,
W (15037) main: 1,119, us,,,,,,,,,,,,,,,,,,,
W (15037) main: 0,464, us,,,,,,,,,,,,,,,,,,,
W (16037) main: 2,132, us,,,,,,,,,,,,,,,,,,,
W (16037) main: 1,119, us,,,,,,,,,,,,,,,,,,,
W (16037) main: 0,459, us,,,,,,,,,,,,,,,,,,,
W (17037) main: 2,131, us,,,,,,,,,,,,,,,,,,,
W (17037) main: 1,118, us,,,,,,,,,,,,,,,,,,,
W (17037) main: 0,469, us,,,,,,,,,,,,,,,,,,,
W (18037) main: 2,132, us,,,,,,,,,,,,,,,,,,,
W (18037) main: 1,120, us,,,,,,,,,,,,,,,,,,,
W (18037) main: 0,460, us,,,,,,,,,,,,,,,,,,,
W (19037) main: 2,131, us,,,,,,,,,,,,,,,,,,,
W (19037) main: 1,121, us,,,,,,,,,,,,,,,,,,,
W (19037) main: 0,460, us,,,,,,,,,,,,,,,,,,,
W (20037) main: 2,659, us,,,,,,,,,,,,,,,,,,,
W (20037) main: 0,860, us,,,,,,,,,,,,,,,,,,,
W (20037) main: 1,121, us,,,,,,,,,,,,,,,,,,,
W (4061) main: 2,1844, us,,,,,,,,,,,,,,,,,,,
W (4061) main: 0,1898, us,,,,,,,,,,,,,,,,,,,
W (4061) main: 1,1149, us,,,,,,,,,,,,,,,,,,,
W (5061) main: 2,1148, us,,,,,,,,,,,,,,,,,,,
W (5061) main: 0,1464, us,,,,,,,,,,,,,,,,,,,
W (5061) main: 1,1145, us,,,,,,,,,,,,,,,,,,,
W (6061) main: 2,1163, us,,,,,,,,,,,,,,,,,,,
W (6061) main: 0,1469, us,,,,,,,,,,,,,,,,,,,
W (6061) main: 1,1130, us,,,,,,,,,,,,,,,,,,,
W (7061) main: 2,1144, us,,,,,,,,,,,,,,,,,,,
W (7061) main: 0,1433, us,,,,,,,,,,,,,,,,,,,
W (7061) main: 1,1132, us,,,,,,,,,,,,,,,,,,,
W (8061) main: 0,1490, us,,,,,,,,,,,,,,,,,,,
W (8061) main: 1,1281, us,,,,,,,,,,,,,,,,,,,
W (8061) main: 2,6153, us,,,,,,,,,,,,,,,,,,,
W (9061) main: 2,1326, us,,,,,,,,,,,,,,,,,,,
W (9061) main: 0,1573, us,,,,,,,,,,,,,,,,,,,
W (9061) main: 1,1149, us,,,,,,,,,,,,,,,,,,,
W (10061) main: 2,1163, us,,,,,,,,,,,,,,,,,,,
W (10061) main: 0,1466, us,,,,,,,,,,,,,,,,,,,
W (10061) main: 1,1141, us,,,,,,,,,,,,,,,,,,,
W (11061) main: 2,1153, us,,,,,,,,,,,,,,,,,,,
W (11061) main: 0,1444, us,,,,,,,,,,,,,,,,,,,
W (11061) main: 1,1130, us,,,,,,,,,,,,,,,,,,,
W (12061) main: 2,1148, us,,,,,,,,,,,,,,,,,,,
W (12061) main: 0,1437, us,,,,,,,,,,,,,,,,,,,
W (12061) main: 1,1139, us,,,,,,,,,,,,,,,,,,,
W (13061) main: 2,1150, us,,,,,,,,,,,,,,,,,,,
W (13061) main: 0,1437, us,,,,,,,,,,,,,,,,,,,
W (13061) main: 1,1136, us,,,,,,,,,,,,,,,,,,,
W (14061) main: 2,1151, us,,,,,,,,,,,,,,,,,,,
W (14061) main: 0,1443, us,,,,,,,,,,,,,,,,,,,
W (14061) main: 1,1128, us,,,,,,,,,,,,,,,,,,,
W (15061) main: 2,1145, us,,,,,,,,,,,,,,,,,,,
W (15061) main: 0,1435, us,,,,,,,,,,,,,,,,,,,
W (15061) main: 1,1133, us,,,,,,,,,,,,,,,,,,,
W (16061) main: 0,1502, us,,,,,,,,,,,,,,,,,,,
W (16061) main: 1,1272, us,,,,,,,,,,,,,,,,,,,
W (16061) main: 2,5823, us,,,,,,,,,,,,,,,,,,,
W (17061) main: 2,1309, us,,,,,,,,,,,,,,,,,,,
W (17061) main: 0,1558, us,,,,,,,,,,,,,,,,,,,
W (17061) main: 1,1135, us,,,,,,,,,,,,,,,,,,,
W (18061) main: 2,1206, us,,,,,,,,,,,,,,,,,,,
W (18061) main: 0,1430, us,,,,,,,,,,,,,,,,,,,
W (18061) main: 1,1136, us,,,,,,,,,,,,,,,,,,,
W (19071) main: 2,1386, us,,,,,,,,,,,,,,,,,,,
W (19071) main: 0,1624, us,,,,,,,,,,,,,,,,,,,
W (19081) main: 1,1145, us,,,,,,,,,,,,,,,,,,,
W (4071) main: 2,1471, us,,,,,,,,,,,,,,,,,,,
W (4071) main: 0,1502, us,,,,,,,,,,,,,,,,,,,
W (4081) main: 1,715, us,,,,,,,,,,,,,,,,,,,
W (5071) main: 2,705, us,,,,,,,,,,,,,,,,,,,
W (5071) main: 0,1019, us,,,,,,,,,,,,,,,,,,,
W (5071) main: 1,702, us,,,,,,,,,,,,,,,,,,,
W (6071) main: 2,700, us,,,,,,,,,,,,,,,,,,,
W (6071) main: 0,999, us,,,,,,,,,,,,,,,,,,,
W (6071) main: 1,696, us,,,,,,,,,,,,,,,,,,,
W (7071) main: 2,764, us,,,,,,,,,,,,,,,,,,,
W (7071) main: 0,1039, us,,,,,,,,,,,,,,,,,,,
W (7071) main: 1,703, us,,,,,,,,,,,,,,,,,,,
W (8071) main: 2,696, us,,,,,,,,,,,,,,,,,,,
W (8071) main: 0,973, us,,,,,,,,,,,,,,,,,,,
W (8071) main: 1,696, us,,,,,,,,,,,,,,,,,,,
W (9071) main: 2,699, us,,,,,,,,,,,,,,,,,,,
W (9071) main: 0,973, us,,,,,,,,,,,,,,,,,,,
W (9071) main: 1,702, us,,,,,,,,,,,,,,,,,,,
W (10071) main: 2,708, us,,,,,,,,,,,,,,,,,,,
W (10071) main: 0,996, us,,,,,,,,,,,,,,,,,,,
W (10071) main: 1,700, us,,,,,,,,,,,,,,,,,,,
W (11071) main: 2,698, us,,,,,,,,,,,,,,,,,,,
W (11071) main: 0,972, us,,,,,,,,,,,,,,,,,,,
W (11071) main: 1,706, us,,,,,,,,,,,,,,,,,,,
W (12071) main: 2,699, us,,,,,,,,,,,,,,,,,,,
W (12071) main: 0,970, us,,,,,,,,,,,,,,,,,,,
W (12071) main: 1,702, us,,,,,,,,,,,,,,,,,,,
W (13071) main: 2,761, us,,,,,,,,,,,,,,,,,,,
W (13071) main: 0,1041, us,,,,,,,,,,,,,,,,,,,
W (13071) main: 1,707, us,,,,,,,,,,,,,,,,,,,
W (14071) main: 2,742, us,,,,,,,,,,,,,,,,,,,
W (14071) main: 0,1018, us,,,,,,,,,,,,,,,,,,,
W (14071) main: 1,697, us,,,,,,,,,,,,,,,,,,,
W (15071) main: 2,701, us,,,,,,,,,,,,,,,,,,,
W (15071) main: 0,971, us,,,,,,,,,,,,,,,,,,,
W (15071) main: 1,704, us,,,,,,,,,,,,,,,,,,,
W (16071) main: 2,701, us,,,,,,,,,,,,,,,,,,,
W (16071) main: 0,971, us,,,,,,,,,,,,,,,,,,,
W (16071) main: 1,701, us,,,,,,,,,,,,,,,,,,,
W (17071) main: 2,702, us,,,,,,,,,,,,,,,,,,,
W (17071) main: 0,973, us,,,,,,,,,,,,,,,,,,,
W (17071) main: 1,702, us,,,,,,,,,,,,,,,,,,,
W (18071) main: 2,737, us,,,,,,,,,,,,,,,,,,,
W (18071) main: 0,1007, us,,,,,,,,,,,,,,,,,,,
W (18071) main: 1,691, us,,,,,,,,,,,,,,,,,,,
W (19071) main: 2,692, us,,,,,,,,,,,,,,,,,,,
W (19071) main: 0,968, us,,,,,,,,,,,,,,,,,,,
W (19071) main: 1,695, us,,,,,,,,,,,,,,,,,,,
W (20071) main: 2,699, us,,,,,,,,,,,,,,,,,,,
W (20071) main: 0,973, us,,,,,,,,,,,,,,,,,,,
W (20071) main: 1,703, us,,,,,,,,,,,,,,,,,,,
W (21181) main: 2,820, us,,,,,,,,,,,,,,,,,,,
W (21181) main: 0,1183, us,,,,,,,,,,,,,,,,,,,
W (21181) main: 1,701, us,,,,,,,,,,,,,,,,,,,
W (4041) main: 0,1181, us,,,,,,,,,,,,,,,,,,,
W (4041) main: 1,710, us,,,,,,,,,,,,,,,,,,,
W (4051) main: 2,1184, us,,,,,,,,,,,,,,,,,,,
W (5041) main: 0,1053, us,,,,,,,,,,,,,,,,,,,
W (5041) main: 1,814, us,,,,,,,,,,,,,,,,,,,
W (5041) main: 2,902, us,,,,,,,,,,,,,,,,,,,
W (6041) main: 0,1044, us,,,,,,,,,,,,,,,,,,,
W (6041) main: 2,717, us,,,,,,,,,,,,,,,,,,,
W (6041) main: 1,714, us,,,,,,,,,,,,,,,,,,,
W (7041) main: 0,1015, us,,,,,,,,,,,,,,,,,,,
W (7041) main: 1,722, us,,,,,,,,,,,,,,,,,,,
W (7041) main: 2,734, us,,,,,,,,,,,,,,,,,,,
W (8041) main: 0,1018, us,,,,,,,,,,,,,,,,,,,
W (8041) main: 2,806, us,,,,,,,,,,,,,,,,,,,
W (8041) main: 1,801, us,,,,,,,,,,,,,,,,,,,
W (9041) main: 0,1029, us,,,,,,,,,,,,,,,,,,,
W (9041) main: 1,721, us,,,,,,,,,,,,,,,,,,,
W (9041) main: 2,734, us,,,,,,,,,,,,,,,,,,,
W (10041) main: 0,1037, us,,,,,,,,,,,,,,,,,,,
W (10041) main: 1,760, us,,,,,,,,,,,,,,,,,,,
W (10041) main: 2,768, us,,,,,,,,,,,,,,,,,,,
W (11041) main: 0,1014, us,,,,,,,,,,,,,,,,,,,
W (11041) main: 1,725, us,,,,,,,,,,,,,,,,,,,
W (11041) main: 2,767, us,,,,,,,,,,,,,,,,,,,
W (12041) main: 0,1043, us,,,,,,,,,,,,,,,,,,,
W (12041) main: 1,717, us,,,,,,,,,,,,,,,,,,,
W (12041) main: 2,814, us,,,,,,,,,,,,,,,,,,,
W (13041) main: 0,1037, us,,,,,,,,,,,,,,,,,,,
W (13041) main: 1,711, us,,,,,,,,,,,,,,,,,,,
W (13041) main: 2,732, us,,,,,,,,,,,,,,,,,,,
W (14041) main: 0,1012, us,,,,,,,,,,,,,,,,,,,
W (14041) main: 1,719, us,,,,,,,,,,,,,,,,,,,
W (14041) main: 2,770, us,,,,,,,,,,,,,,,,,,,
W (15041) main: 0,1007, us,,,,,,,,,,,,,,,,,,,
W (15041) main: 1,722, us,,,,,,,,,,,,,,,,,,,
W (15041) main: 2,753, us,,,,,,,,,,,,,,,,,,,
W (16041) main: 0,1016, us,,,,,,,,,,,,,,,,,,,
W (16041) main: 1,726, us,,,,,,,,,,,,,,,,,,,
W (16041) main: 2,742, us,,,,,,,,,,,,,,,,,,,
W (17041) main: 2,724, us,,,,,,,,,,,,,,,,,,,
W (17041) main: 1,934, us,,,,,,,,,,,,,,,,,,,
W (17041) main: 0,2569, us,,,,,,,,,,,,,,,,,,,
W (18041) main: 0,1139, us,,,,,,,,,,,,,,,,,,,
W (18041) main: 1,719, us,,,,,,,,,,,,,,,,,,,
W (18041) main: 2,842, us,,,,,,,,,,,,,,,,,,,
W (4126) main: 0,5374, us,,,,,,,,,,,,,,,,,,,
W (4126) main: 1,4791, us,,,,,,,,,,,,,,,,,,,
W (4126) main: 2,10767, us,,,,,,,,,,,,,,,,,,,
W (5136) main: 0,4986, us,,,,,,,,,,,,,,,,,,,
W (5136) main: 1,4620, us,,,,,,,,,,,,,,,,,,,
W (5136) main: 2,9369, us,,,,,,,,,,,,,,,,,,,
W (6136) main: 2,4631, us,,,,,,,,,,,,,,,,,,,
W (6136) main: 0,4973, us,,,,,,,,,,,,,,,,,,,
W (6146) main: 1,4620, us,,,,,,,,,,,,,,,,,,,
W (7136) main: 2,4684, us,,,,,,,,,,,,,,,,,,,
W (7136) main: 0,4987, us,,,,,,,,,,,,,,,,,,,
W (7146) main: 1,7614, us,,,,,,,,,,,,,,,,,,,
W (8146) main: 0,5091, us,,,,,,,,,,,,,,,,,,,
W (8146) main: 1,4703, us,,,,,,,,,,,,,,,,,,,
W (8146) main: 2,9823, us,,,,,,,,,,,,,,,,,,,
W (9146) main: 2,4625, us,,,,,,,,,,,,,,,,,,,
W (9156) main: 0,5871, us,,,,,,,,,,,,,,,,,,,
W (9156) main: 1,4629, us,,,,,,,,,,,,,,,,,,,
W (10156) main: 0,4992, us,,,,,,,,,,,,,,,,,,,
W (10156) main: 1,4622, us,,,,,,,,,,,,,,,,,,,
W (10156) main: 2,9399, us,,,,,,,,,,,,,,,,,,,
W (11156) main: 2,4621, us,,,,,,,,,,,,,,,,,,,
W (11156) main: 0,4938, us,,,,,,,,,,,,,,,,,,,
W (11166) main: 1,4628, us,,,,,,,,,,,,,,,,,,,
W (12166) main: 0,4958, us,,,,,,,,,,,,,,,,,,,
W (12166) main: 1,4619, us,,,,,,,,,,,,,,,,,,,
W (12166) main: 2,9385, us,,,,,,,,,,,,,,,,,,,
W (13166) main: 0,5000, us,,,,,,,,,,,,,,,,,,,
W (13176) main: 1,10190, us,,,,,,,,,,,,,,,,,,,
W (13176) main: 2,12703, us,,,,,,,,,,,,,,,,,,,
W (14176) main: 0,5903, us,,,,,,,,,,,,,,,,,,,
W (14176) main: 1,4595, us,,,,,,,,,,,,,,,,,,,
W (14176) main: 2,9799, us,,,,,,,,,,,,,,,,,,,
W (15176) main: 2,4625, us,,,,,,,,,,,,,,,,,,,
W (15176) main: 0,4937, us,,,,,,,,,,,,,,,,,,,
W (15186) main: 1,4638, us,,,,,,,,,,,,,,,,,,,
W (16176) main: 2,4617, us,,,,,,,,,,,,,,,,,,,
W (16186) main: 0,4940, us,,,,,,,,,,,,,,,,,,,
W (16186) main: 1,4633, us,,,,,,,,,,,,,,,,,,,
W (17216) main: 2,4789, us,,,,,,,,,,,,,,,,,,,
W (17216) main: 0,5108, us,,,,,,,,,,,,,,,,,,,
W (17226) main: 1,4644, us,,,,,,,,,,,,,,,,,,,
W (4116) main: 2,3521, us,,,,,,,,,,,,,,,,,,,
W (4116) main: 0,3554, us,,,,,,,,,,,,,,,,,,,
W (4116) main: 1,2830, us,,,,,,,,,,,,,,,,,,,
W (5116) main: 2,2846, us,,,,,,,,,,,,,,,,,,,
W (5116) main: 0,3198, us,,,,,,,,,,,,,,,,,,,
W (5126) main: 1,2836, us,,,,,,,,,,,,,,,,,,,
W (6126) main: 0,3165, us,,,,,,,,,,,,,,,,,,,
W (6126) main: 1,2827, us,,,,,,,,,,,,,,,,,,,
W (6126) main: 2,5774, us,,,,,,,,,,,,,,,,,,,
W (7126) main: 2,2878, us,,,,,,,,,,,,,,,,,,,
W (7126) main: 0,3358, us,,,,,,,,,,,,,,,,,,,
W (7126) main: 1,2815, us,,,,,,,,,,,,,,,,,,,
W (8136) main: 2,2832, us,,,,,,,,,,,,,,,,,,,
W (8136) main: 0,3117, us,,,,,,,,,,,,,,,,,,,
W (8136) main: 1,2815, us,,,,,,,,,,,,,,,,,,,
W (9136) main: 2,2809, us,,,,,,,,,,,,,,,,,,,
W (9136) main: 0,3106, us,,,,,,,,,,,,,,,,,,,
W (9146) main: 1,2827, us,,,,,,,,,,,,,,,,,,,
W (10146) main: 0,3151, us,,,,,,,,,,,,,,,,,,,
W (10146) main: 1,2791, us,,,,,,,,,,,,,,,,,,,
W (10146) main: 2,5758, us,,,,,,,,,,,,,,,,,,,
W (11146) main: 2,2822, us,,,,,,,,,,,,,,,,,,,
W (11146) main: 0,3110, us,,,,,,,,,,,,,,,,,,,
W (11156) main: 1,2815, us,,,,,,,,,,,,,,,,,,,
W (12146) main: 2,2818, us,,,,,,,,,,,,,,,,,,,
W (12146) main: 0,3116, us,,,,,,,,,,,,,,,,,,,
W (12156) main: 1,2826, us,,,,,,,,,,,,,,,,,,,
W (13146) main: 2,2822, us,,,,,,,,,,,,,,,,,,,
W (13146) main: 0,3107, us,,,,,,,,,,,,,,,,,,,
W (13156) main: 1,2818, us,,,,,,,,,,,,,,,,,,,
W (14146) main: 2,2821, us,,,,,,,,,,,,,,,,,,,
W (14146) main: 0,3134, us,,,,,,,,,,,,,,,,,,,
W (14156) main: 1,2833, us,,,,,,,,,,,,,,,,,,,
W (15156) main: 0,3120, us,,,,,,,,,,,,,,,,,,,
W (15156) main: 2,5687, us,,,,,,,,,,,,,,,,,,,
W (15156) main: 1,2831, us,,,,,,,,,,,,,,,,,,,
W (16156) main: 2,2886, us,,,,,,,,,,,,,,,,,,,
W (16156) main: 0,3165, us,,,,,,,,,,,,,,,,,,,
W (16156) main: 1,2810, us,,,,,,,,,,,,,,,,,,,
W (17166) main: 0,3125, us,,,,,,,,,,,,,,,,,,,
W (17166) main: 1,2782, us,,,,,,,,,,,,,,,,,,,
W (17166) main: 2,5748, us,,,,,,,,,,,,,,,,,,,
W (18186) main: 0,3249, us,,,,,,,,,,,,,,,,,,,
W (18186) main: 1,2879, us,,,,,,,,,,,,,,,,,,,
W (18186) main: 2,6002, us,,,,,,,,,,,,,,,,,,,
W (4106) main: 0,3683, us,,,,,,,,,,,,,,,,,,,
W (4116) main: 1,2958, us,,,,,,,,,,,,,,,,,,,
W (4106) main: 2,3716, us,,,,,,,,,,,,,,,,,,,
W (5116) main: 2,2928, us,,,,,,,,,,,,,,,,,,,
W (5116) main: 0,3259, us,,,,,,,,,,,,,,,,,,,
W (5116) main: 1,2914, us,,,,,,,,,,,,,,,,,,,
W (6116) main: 2,2997, us,,,,,,,,,,,,,,,,,,,
W (6116) main: 0,3323, us,,,,,,,,,,,,,,,,,,,
W (6126) main: 1,2920, us,,,,,,,,,,,,,,,,,,,
W (7126) main: 0,3246, us,,,,,,,,,,,,,,,,,,,
W (7126) main: 1,2922, us,,,,,,,,,,,,,,,,,,,
W (7126) main: 2,5969, us,,,,,,,,,,,,,,,,,,,
W (8126) main: 2,3037, us,,,,,,,,,,,,,,,,,,,
W (8126) main: 0,3305, us,,,,,,,,,,,,,,,,,,,
W (8126) main: 1,2949, us,,,,,,,,,,,,,,,,,,,
W (9126) main: 2,2918, us,,,,,,,,,,,,,,,,,,,
W (9136) main: 0,3245, us,,,,,,,,,,,,,,,,,,,
W (9136) main: 1,2976, us,,,,,,,,,,,,,,,,,,,
W (10136) main: 2,2985, us,,,,,,,,,,,,,,,,,,,
W (10136) main: 0,3373, us,,,,,,,,,,,,,,,,,,,
W (10136) main: 1,2911, us,,,,,,,,,,,,,,,,,,,
W (11136) main: 2,2922, us,,,,,,,,,,,,,,,,,,,
W (11136) main: 0,3236, us,,,,,,,,,,,,,,,,,,,
W (11146) main: 1,2918, us,,,,,,,,,,,,,,,,,,,
W (12146) main: 0,3235, us,,,,,,,,,,,,,,,,,,,
W (12146) main: 1,2940, us,,,,,,,,,,,,,,,,,,,
W (12146) main: 2,6301, us,,,,,,,,,,,,,,,,,,,
W (13146) main: 2,2932, us,,,,,,,,,,,,,,,,,,,
W (13146) main: 0,3239, us,,,,,,,,,,,,,,,,,,,
W (13146) main: 1,2910, us,,,,,,,,,,,,,,,,,,,
W (14146) main: 2,2989, us,,,,,,,,,,,,,,,,,,,
W (14156) main: 0,4127, us,,,,,,,,,,,,,,,,,,,
W (14156) main: 1,2931, us,,,,,,,,,,,,,,,,,,,
W (15156) main: 0,3234, us,,,,,,,,,,,,,,,,,,,
W (15156) main: 2,5867, us,,,,,,,,,,,,,,,,,,,
W (15156) main: 1,2927, us,,,,,,,,,,,,,,,,,,,
W (16156) main: 2,2963, us,,,,,,,,,,,,,,,,,,,
W (16156) main: 0,3855, us,,,,,,,,,,,,,,,,,,,
W (16156) main: 1,2924, us,,,,,,,,,,,,,,,,,,,
W (17166) main: 0,3254, us,,,,,,,,,,,,,,,,,,,
W (17166) main: 1,3035, us,,,,,,,,,,,,,,,,,,,
W (17166) main: 2,6112, us,,,,,,,,,,,,,,,,,,,
W (18166) main: 2,2917, us,,,,,,,,,,,,,,,,,,,
W (18166) main: 0,3229, us,,,,,,,,,,,,,,,,,,,
W (18166) main: 1,3075, us,,,,,,,,,,,,,,,,,,,
W (19166) main: 2,3160, us,,,,,,,,,,,,,,,,,,,
W (19166) main: 0,4014, us,,,,,,,,,,,,,,,,,,,
W (19176) main: 1,2916, us,,,,,,,,,,,,,,,,,,,
W (20176) main: 0,3332, us,,,,,,,,,,,,,,,,,,,
W (20176) main: 1,2931, us,,,,,,,,,,,,,,,,,,,
W (20176) main: 2,6051, us,,,,,,,,,,,,,,,,,,,
W (21176) main: 2,2911, us,,,,,,,,,,,,,,,,,,,
W (21176) main: 0,3242, us,,,,,,,,,,,,,,,,,,,
W (21176) main: 1,2982, us,,,,,,,,,,,,,,,,,,,
